{"loc": "check_counts.f90", "children": [{"loc": "check_counts.f90", "pu": "sub_fcount", "cat": "subroutine-external-subprogram", "end_line": 12, "start_line": 2, "type": "subroutine", "children": [{"loc": "check_counts.f90", "pu": "sub_fcount", "niter": "n - 1", "cat": "do-construct", "metrics": {"nfadd": 1, "nfdiv": 1, "naref": 3}, "end_line": 7, "start_line": 5, "type": "loop"}, {"loc": "check_counts.f90", "pu": "sub_fcount", "niter": "n - 1", "cat": "do-construct", "metrics": {"nfadd": 1, "nfmul": 1, "naref": 4}, "end_line": 10, "start_line": 8, "type": "loop"}]}, {"loc": "check_counts.f90", "pu": "main", "cat": "main-program", "end_line": 67, "start_line": 35, "type": "main", "children": [{"loc": "check_counts.f90", "pu": "main", "niter": "n - 1", "cat": "do-construct", "metrics": {"naref": 4, "nzdiv": 1, "nfref": {"real": {"single": 2}}, "nfsub": 1}, "end_line": 52, "start_line": 48, "type": "loop", "children": []}, {"loc": "check_counts.f90", "pu": "main", "niter": "loops - 1", "cat": "do-construct", "end_line": 58, "start_line": 54, "type": "loop"}]}, {"loc": "check_counts.f90", "pu": "sub_ext", "cat": "subroutine-external-subprogram", "end_line": 22, "start_line": 15, "type": "subroutine", "children": [{"loc": "check_counts.f90", "pu": "sub_ext", "niter": "n - 1", "cat": "do-construct", "metrics": {"nfmul": 1, "nfref": {"log": {"double": 1}, "exp": {"double": 1}}, "naref": 3}, "end_line": 20, "start_line": 18, "type": "loop", "children": []}]}, {"loc": "check_counts.f90", "pu": "sub_icount", "cat": "subroutine-external-subprogram", "end_line": 32, "start_line": 25, "type": "subroutine", "children": [{"loc": "check_counts.f90", "pu": "sub_icount", "niter": "n - 1", "cat": "do-construct", "metrics": {"nzadd": 1, "naref": 3}, "end_line": 30, "start_line": 28, "type": "loop"}]}], "fid": "10b79508f825d00a09955b549531dc2dfda8b285"}